"","country","Frequency","Sector","Incident","Date"
"1","Afghanistan",0,"Aid Workers","arrested","2017"
"2","Angola",0,"Aid Workers","arrested","2017"
"3","Azerbaijan",0,"Aid Workers","arrested","2017"
"4","Bangladesh ",2,"Aid Workers","arrested","2017"
"5","Burkina Faso",0,"Aid Workers","arrested","2017"
"6","Burundi",1,"Aid Workers","arrested","2017"
"7","Cambodia",0,"Aid Workers","arrested","2017"
"8","Cameroon",0,"Aid Workers","arrested","2017"
"9","CAR",0,"Aid Workers","arrested","2017"
"10","Chad",1,"Aid Workers","arrested","2017"
"11","China",0,"Aid Workers","arrested","2017"
"12","Colombia",0,"Aid Workers","arrested","2017"
"13","Djibouti",1,"Aid Workers","arrested","2017"
"14","DRC",3,"Aid Workers","arrested","2017"
"15","Equatorial Guinea",1,"Aid Workers","arrested","2017"
"16","Ecuador",0,"Aid Workers","arrested","2017"
"17","Egypt",0,"Aid Workers","arrested","2017"
"18","El Salvador",0,"Aid Workers","arrested","2017"
"19","Ethiopia",4,"Aid Workers","arrested","2017"
"20","France",0,"Aid Workers","arrested","2017"
"21","Ghana",0,"Aid Workers","arrested","2017"
"22","Greece",0,"Aid Workers","arrested","2017"
"23","Guatemala",0,"Aid Workers","arrested","2017"
"24","Guinea",0,"Aid Workers","arrested","2017"
"25","Haiti",0,"Aid Workers","arrested","2017"
"26","Honduras",0,"Aid Workers","arrested","2017"
"27","India",0,"Aid Workers","arrested","2017"
"28","Indonesia",0,"Aid Workers","arrested","2017"
"29","Iraq / KRI",2,"Aid Workers","arrested","2017"
"30","Israel",2,"Aid Workers","arrested","2017"
"31","Jordan",2,"Aid Workers","arrested","2017"
"32","Kenya",4,"Aid Workers","arrested","2017"
"33","Lebanon",3,"Aid Workers","arrested","2017"
"34","Liberia",0,"Aid Workers","arrested","2017"
"35","Libya",0,"Aid Workers","arrested","2017"
"36","Madagascar",0,"Aid Workers","arrested","2017"
"37","Malawi",0,"Aid Workers","arrested","2017"
"38","Malaysia",1,"Aid Workers","arrested","2017"
"39","Mali",2,"Aid Workers","arrested","2017"
"40","Mauritania",0,"Aid Workers","arrested","2017"
"41","Mexico",0,"Aid Workers","arrested","2017"
"42","Mongolia",0,"Aid Workers","arrested","2017"
"43","Mozambique",0,"Aid Workers","arrested","2017"
"44","Myanmar",0,"Aid Workers","arrested","2017"
"45","Nepal",1,"Aid Workers","arrested","2017"
"46","Nicaragua",0,"Aid Workers","arrested","2017"
"47","Niger",1,"Aid Workers","arrested","2017"
"48","Nigeria",1,"Aid Workers","arrested","2017"
"49","OPT/JWG",0,"Aid Workers","arrested","2017"
"50","Pakistan",0,"Aid Workers","arrested","2017"
"51","Peru",0,"Aid Workers","arrested","2017"
"52","Philippines",0,"Aid Workers","arrested","2017"
"53","PNG",2,"Aid Workers","arrested","2017"
"54","Senegal",1,"Aid Workers","arrested","2017"
"55","Sierra Leone",0,"Aid Workers","arrested","2017"
"56","Solomon Islands",0,"Aid Workers","arrested","2017"
"57","Somalia ",3,"Aid Workers","arrested","2017"
"58","South Africa",1,"Aid Workers","arrested","2017"
"59","South Sudan",13,"Aid Workers","arrested","2017"
"60","Sri Lanka",0,"Aid Workers","arrested","2017"
"61","Sudan",1,"Aid Workers","arrested","2017"
"62","Syria",1,"Aid Workers","arrested","2017"
"63","Tanzania",1,"Aid Workers","arrested","2017"
"64","Turkey",8,"Aid Workers","arrested","2017"
"65","Uganda",0,"Aid Workers","arrested","2017"
"66","Ukraine",0,"Aid Workers","arrested","2017"
"67","Vanuatu",0,"Aid Workers","arrested","2017"
"68","Yemen",13,"Aid Workers","arrested","2017"
"69","Zambia",0,"Aid Workers","arrested","2017"
"70","Zimbabwe",0,"Aid Workers","arrested","2017"
"71","Afghanistan",4,"Aid Workers","kidnapped","2017"
"72","Angola",0,"Aid Workers","kidnapped","2017"
"73","Azerbaijan",0,"Aid Workers","kidnapped","2017"
"74","Bangladesh ",1,"Aid Workers","kidnapped","2017"
"75","Burkina Faso",0,"Aid Workers","kidnapped","2017"
"76","Burundi",0,"Aid Workers","kidnapped","2017"
"77","Cambodia",0,"Aid Workers","kidnapped","2017"
"78","Cameroon",0,"Aid Workers","kidnapped","2017"
"79","CAR",5,"Aid Workers","kidnapped","2017"
"80","Chad",1,"Aid Workers","kidnapped","2017"
"81","China",1,"Aid Workers","kidnapped","2017"
"82","Colombia",2,"Aid Workers","kidnapped","2017"
"83","Djibouti",0,"Aid Workers","kidnapped","2017"
"84","DRC",53,"Aid Workers","kidnapped","2017"
"85","Ecuador",1,"Aid Workers","kidnapped","2017"
"86","Egypt",0,"Aid Workers","kidnapped","2017"
"87","El Salvador",0,"Aid Workers","kidnapped","2017"
"88","Ethiopia",0,"Aid Workers","kidnapped","2017"
"89","Equatorial Guinea",0,"Aid Workers","kidnapped","2017"
"90","France",0,"Aid Workers","kidnapped","2017"
"91","Ghana",0,"Aid Workers","kidnapped","2017"
"92","Greece",0,"Aid Workers","kidnapped","2017"
"93","Guatemala",1,"Aid Workers","kidnapped","2017"
"94","Guinea",0,"Aid Workers","kidnapped","2017"
"95","Haiti",1,"Aid Workers","kidnapped","2017"
"96","Honduras",0,"Aid Workers","kidnapped","2017"
"97","India",0,"Aid Workers","kidnapped","2017"
"98","Indonesia",0,"Aid Workers","kidnapped","2017"
"99","Iraq / KRI",0,"Aid Workers","kidnapped","2017"
"100","Israel",0,"Aid Workers","kidnapped","2017"
"101","Jordan",0,"Aid Workers","kidnapped","2017"
"102","Kenya",0,"Aid Workers","kidnapped","2017"
"103","Lebanon",0,"Aid Workers","kidnapped","2017"
"104","Liberia",0,"Aid Workers","kidnapped","2017"
"105","Libya",7,"Aid Workers","kidnapped","2017"
"106","Madagascar",0,"Aid Workers","kidnapped","2017"
"107","Malawi",0,"Aid Workers","kidnapped","2017"
"108","Malaysia",0,"Aid Workers","kidnapped","2017"
"109","Mali",4,"Aid Workers","kidnapped","2017"
"110","Mauritania",0,"Aid Workers","kidnapped","2017"
"111","Mexico",2,"Aid Workers","kidnapped","2017"
"112","Mongolia",0,"Aid Workers","kidnapped","2017"
"113","Mozambique",0,"Aid Workers","kidnapped","2017"
"114","Myanmar",1,"Aid Workers","kidnapped","2017"
"115","Nepal",0,"Aid Workers","kidnapped","2017"
"116","Nicaragua",0,"Aid Workers","kidnapped","2017"
"117","Niger",0,"Aid Workers","kidnapped","2017"
"118","Nigeria",3,"Aid Workers","kidnapped","2017"
"119","OPT/JWG",0,"Aid Workers","kidnapped","2017"
"120","Pakistan",0,"Aid Workers","kidnapped","2017"
"121","Peru",0,"Aid Workers","kidnapped","2017"
"122","Philippines",0,"Aid Workers","kidnapped","2017"
"123","PNG",0,"Aid Workers","kidnapped","2017"
"124","Senegal",0,"Aid Workers","kidnapped","2017"
"125","Sierra Leone",0,"Aid Workers","kidnapped","2017"
"126","Solomon Islands",0,"Aid Workers","kidnapped","2017"
"127","Somalia ",16,"Aid Workers","kidnapped","2017"
"128","South Africa",0,"Aid Workers","kidnapped","2017"
"129","South Sudan",29,"Aid Workers","kidnapped","2017"
"130","Sri Lanka",0,"Aid Workers","kidnapped","2017"
"131","Sudan",1,"Aid Workers","kidnapped","2017"
"132","Syria",0,"Aid Workers","kidnapped","2017"
"133","Tanzania",0,"Aid Workers","kidnapped","2017"
"134","Turkey",0,"Aid Workers","kidnapped","2017"
"135","Uganda",0,"Aid Workers","kidnapped","2017"
"136","Ukraine",0,"Aid Workers","kidnapped","2017"
"137","Vanuatu",0,"Aid Workers","kidnapped","2017"
"138","Yemen",7,"Aid Workers","kidnapped","2017"
"139","Zambia",0,"Aid Workers","kidnapped","2017"
"140","Zimbabwe",1,"Aid Workers","kidnapped","2017"
"141","#country",NA,"Aid Workers","killed","2018"
"142","South Sudan",0,"Aid Workers","killed","2018"
"143","Somalia",0,"Aid Workers","killed","2018"
"144","Bangladesh",0,"Aid Workers","killed","2018"
"145","Yemen",0,"Aid Workers","killed","2018"
"146","Yemen",0,"Aid Workers","killed","2018"
"147","Yemen",0,"Aid Workers","killed","2018"
"148","Ukraine",0,"Aid Workers","killed","2018"
"149","Tanzania",0,"Aid Workers","killed","2018"
"150","Syrian Arab Republic",1,"Aid Workers","killed","2018"
"151","Syrian Arab Republic",1,"Aid Workers","killed","2018"
"152","Syrian Arab Republic",1,"Aid Workers","killed","2018"
"153","Syrian Arab Republic",0,"Aid Workers","killed","2018"
"154","Syrian Arab Republic",0,"Aid Workers","killed","2018"
"155","South Sudan",0,"Aid Workers","killed","2018"
"156","South Sudan",0,"Aid Workers","killed","2018"
"157","Somalia",1,"Aid Workers","killed","2018"
"158","Libya",0,"Aid Workers","killed","2018"
"159","Lebanon",0,"Aid Workers","killed","2018"
"160","Lebanon",0,"Aid Workers","killed","2018"
"161","Colombia",0,"Aid Workers","killed","2018"
"162","CAR",0,"Aid Workers","killed","2018"
"163","Cambodia",0,"Aid Workers","killed","2018"
"164","Afghanistan",0,"Aid Workers","killed","2018"
"165","Afghanistan",4,"Aid Workers","killed","2018"
"166","Syrian Arab Republic",1,"Aid Workers","killed","2018"
"167","Syrian Arab Republic",1,"Aid Workers","killed","2018"
"168","Syrian Arab Republic",3,"Aid Workers","killed","2018"
"169","Syrian Arab Republic",1,"Aid Workers","killed","2018"
"170","Syrian Arab Republic",3,"Aid Workers","killed","2018"
"171","Syrian Arab Republic",1,"Aid Workers","killed","2018"
"172","Syrian Arab Republic",1,"Aid Workers","killed","2018"
"173","Syrian Arab Republic",1,"Aid Workers","killed","2018"
"174","Syrian Arab Republic",2,"Aid Workers","killed","2018"
"175","South Sudan",1,"Aid Workers","killed","2018"
"176","South Sudan",1,"Aid Workers","killed","2018"
"177","South Sudan",0,"Aid Workers","killed","2018"
"178","Rwanda / Burundi",0,"Aid Workers","killed","2018"
"179","Lebanon",0,"Aid Workers","killed","2018"
"180","Guatemala",0,"Aid Workers","killed","2018"
"181","DRC",2,"Aid Workers","killed","2018"
"182","DRC",0,"Aid Workers","killed","2018"
"183","DRC",0,"Aid Workers","killed","2018"
"184","CAR",4,"Aid Workers","killed","2018"
"185","CAR",0,"Aid Workers","killed","2018"
"186","Bangladesh",0,"Aid Workers","killed","2018"
"187","Afghanistan",0,"Aid Workers","killed","2018"
"188","Afghanistan",0,"Aid Workers","killed","2018"
"189","Turkey",0,"Aid Workers","killed","2018"
"190","Syrian Arab Republic",2,"Aid Workers","killed","2018"
"191","Syrian Arab Republic",1,"Aid Workers","killed","2018"
"192","Syrian Arab Republic",4,"Aid Workers","killed","2018"
"193","Syrian Arab Republic",1,"Aid Workers","killed","2018"
"194","Syrian Arab Republic",3,"Aid Workers","killed","2018"
"195","Syrian Arab Republic",1,"Aid Workers","killed","2018"
"196","Syrian Arab Republic",3,"Aid Workers","killed","2018"
"197","Syrian Arab Republic",1,"Aid Workers","killed","2018"
"198","Syrian Arab Republic",1,"Aid Workers","killed","2018"
"199","Syrian Arab Republic",3,"Aid Workers","killed","2018"
"200","Syrian Arab Republic",3,"Aid Workers","killed","2018"
"201","Syrian Arab Republic",0,"Aid Workers","killed","2018"
"202","Syrian Arab Republic",1,"Aid Workers","killed","2018"
"203","Syrian Arab Republic",1,"Aid Workers","killed","2018"
"204","Syrian Arab Republic",2,"Aid Workers","killed","2018"
"205","South Sudan",0,"Aid Workers","killed","2018"
"206","South Sudan",0,"Aid Workers","killed","2018"
"207","South Sudan",0,"Aid Workers","killed","2018"
"208","Somalia",1,"Aid Workers","killed","2018"
"209","Peru",0,"Aid Workers","killed","2018"
"210","Pakistan",2,"Aid Workers","killed","2018"
"211","Nigeria",4,"Aid Workers","killed","2018"
"212","Mexico",0,"Aid Workers","killed","2018"
"213","Mali",0,"Aid Workers","killed","2018"
"214","Mali",1,"Aid Workers","killed","2018"
"215","Kenya",0,"Aid Workers","killed","2018"
"216","Jordan",0,"Aid Workers","killed","2018"
"217","Ethiopia",0,"Aid Workers","killed","2018"
"218","DRC",1,"Aid Workers","killed","2018"
"219","DRC",1,"Aid Workers","killed","2018"
"220","CAR",1,"Aid Workers","killed","2018"
"221","Bangladesh",0,"Aid Workers","killed","2018"
"222","Bangladesh",0,"Aid Workers","killed","2018"
"223","Azerbaijan",3,"Aid Workers","killed","2018"
"224","Yemen",1,"Aid Workers","killed","2018"
"225","Syrian Arab Republic",0,"Aid Workers","killed","2018"
"226","Sudan",1,"Aid Workers","killed","2018"
"227","South Sudan",1,"Aid Workers","killed","2018"
"228","South Sudan",1,"Aid Workers","killed","2018"
"229","South Sudan",1,"Aid Workers","killed","2018"
"230","South Sudan",1,"Aid Workers","killed","2018"
"231","South Sudan",0,"Aid Workers","killed","2018"
"232","South Sudan",2,"Aid Workers","killed","2018"
"233","South Sudan",1,"Aid Workers","killed","2018"
"234","South Sudan",1,"Aid Workers","killed","2018"
"235","South Sudan",0,"Aid Workers","killed","2018"
"236","Somalia",1,"Aid Workers","killed","2018"
"237","Niger",0,"Aid Workers","killed","2018"
"238","Myanmar",1,"Aid Workers","killed","2018"
"239","Brazil",1,"Aid Workers","killed","2018"
"240","Bangladesh",0,"Aid Workers","killed","2018"
"241","Syrian Arab Republic",0,"Aid Workers","killed","2018"
"242","Syrian Arab Republic",1,"Aid Workers","killed","2018"
"243","Syrian Arab Republic",5,"Aid Workers","killed","2018"
"244","South Sudan",0,"Aid Workers","killed","2018"
"245","South Sudan",0,"Aid Workers","killed","2018"
"246","South Sudan",1,"Aid Workers","killed","2018"
"247","Somalia",1,"Aid Workers","killed","2018"
"248","Somalia",0,"Aid Workers","killed","2018"
"249","Somalia",1,"Aid Workers","killed","2018"
"250","Lebanon",0,"Aid Workers","killed","2018"
"251","Guatemala",3,"Aid Workers","killed","2018"
"252","DRC",0,"Aid Workers","killed","2018"
"253","DRC",0,"Aid Workers","killed","2018"
"254","Cambodia",0,"Aid Workers","killed","2018"
"255","Cambodia",0,"Aid Workers","killed","2018"
"256","Burkina Faso",0,"Aid Workers","killed","2018"
"257","Afghanistan",1,"Aid Workers","killed","2018"
"258","Afghanistan",5,"Aid Workers","killed","2018"
"259","Yemen",3,"Aid Workers","killed","2018"
"260","Syrian Arab Republic",1,"Aid Workers","killed","2018"
"261","Syrian Arab Republic",1,"Aid Workers","killed","2018"
"262","Syrian Arab Republic",1,"Aid Workers","killed","2018"
"263","Syrian Arab Republic",1,"Aid Workers","killed","2018"
"264","Syrian Arab Republic",1,"Aid Workers","killed","2018"
"265","OPT",1,"Aid Workers","killed","2018"
"266","Afghanistan",0,"Aid Workers","killed","2018"
"267","#country",NA,"Aid Workers","Kidnapped","2018"
"268","South Sudan",0,"Aid Workers","Kidnapped","2018"
"269","Somalia",0,"Aid Workers","Kidnapped","2018"
"270","Bangladesh",0,"Aid Workers","Kidnapped","2018"
"271","Yemen",1,"Aid Workers","Kidnapped","2018"
"272","Yemen",0,"Aid Workers","Kidnapped","2018"
"273","Yemen",0,"Aid Workers","Kidnapped","2018"
"274","Ukraine",0,"Aid Workers","Kidnapped","2018"
"275","Tanzania",1,"Aid Workers","Kidnapped","2018"
"276","Syrian Arab Republic",0,"Aid Workers","Kidnapped","2018"
"277","Syrian Arab Republic",0,"Aid Workers","Kidnapped","2018"
"278","Syrian Arab Republic",0,"Aid Workers","Kidnapped","2018"
"279","Syrian Arab Republic",0,"Aid Workers","Kidnapped","2018"
"280","Syrian Arab Republic",1,"Aid Workers","Kidnapped","2018"
"281","South Sudan",0,"Aid Workers","Kidnapped","2018"
"282","South Sudan",0,"Aid Workers","Kidnapped","2018"
"283","Somalia",0,"Aid Workers","Kidnapped","2018"
"284","Libya",2,"Aid Workers","Kidnapped","2018"
"285","Lebanon",0,"Aid Workers","Kidnapped","2018"
"286","Lebanon",0,"Aid Workers","Kidnapped","2018"
"287","Colombia",0,"Aid Workers","Kidnapped","2018"
"288","CAR",1,"Aid Workers","Kidnapped","2018"
"289","Cambodia",1,"Aid Workers","Kidnapped","2018"
"290","Afghanistan",1,"Aid Workers","Kidnapped","2018"
"291","Afghanistan",0,"Aid Workers","Kidnapped","2018"
"292","Syrian Arab Republic",0,"Aid Workers","Kidnapped","2018"
"293","Syrian Arab Republic",0,"Aid Workers","Kidnapped","2018"
"294","Syrian Arab Republic",0,"Aid Workers","Kidnapped","2018"
"295","Syrian Arab Republic",0,"Aid Workers","Kidnapped","2018"
"296","Syrian Arab Republic",0,"Aid Workers","Kidnapped","2018"
"297","Syrian Arab Republic",0,"Aid Workers","Kidnapped","2018"
"298","Syrian Arab Republic",0,"Aid Workers","Kidnapped","2018"
"299","Syrian Arab Republic",0,"Aid Workers","Kidnapped","2018"
"300","Syrian Arab Republic",0,"Aid Workers","Kidnapped","2018"
"301","South Sudan",0,"Aid Workers","Kidnapped","2018"
"302","South Sudan",0,"Aid Workers","Kidnapped","2018"
"303","South Sudan",0,"Aid Workers","Kidnapped","2018"
"304","Rwanda / Burundi",0,"Aid Workers","Kidnapped","2018"
"305","Lebanon",0,"Aid Workers","Kidnapped","2018"
"306","Guatemala",0,"Aid Workers","Kidnapped","2018"
"307","DRC",1,"Aid Workers","Kidnapped","2018"
"308","DRC",2,"Aid Workers","Kidnapped","2018"
"309","DRC",0,"Aid Workers","Kidnapped","2018"
"310","CAR",0,"Aid Workers","Kidnapped","2018"
"311","CAR",1,"Aid Workers","Kidnapped","2018"
"312","Bangladesh",0,"Aid Workers","Kidnapped","2018"
"313","Afghanistan",0,"Aid Workers","Kidnapped","2018"
"314","Afghanistan",0,"Aid Workers","Kidnapped","2018"
"315","Turkey",0,"Aid Workers","Kidnapped","2018"
"316","Syrian Arab Republic",0,"Aid Workers","Kidnapped","2018"
"317","Syrian Arab Republic",0,"Aid Workers","Kidnapped","2018"
"318","Syrian Arab Republic",0,"Aid Workers","Kidnapped","2018"
"319","Syrian Arab Republic",0,"Aid Workers","Kidnapped","2018"
"320","Syrian Arab Republic",0,"Aid Workers","Kidnapped","2018"
"321","Syrian Arab Republic",0,"Aid Workers","Kidnapped","2018"
"322","Syrian Arab Republic",0,"Aid Workers","Kidnapped","2018"
"323","Syrian Arab Republic",0,"Aid Workers","Kidnapped","2018"
"324","Syrian Arab Republic",0,"Aid Workers","Kidnapped","2018"
"325","Syrian Arab Republic",0,"Aid Workers","Kidnapped","2018"
"326","Syrian Arab Republic",0,"Aid Workers","Kidnapped","2018"
"327","Syrian Arab Republic",0,"Aid Workers","Kidnapped","2018"
"328","Syrian Arab Republic",0,"Aid Workers","Kidnapped","2018"
"329","Syrian Arab Republic",0,"Aid Workers","Kidnapped","2018"
"330","Syrian Arab Republic",0,"Aid Workers","Kidnapped","2018"
"331","South Sudan",7,"Aid Workers","Kidnapped","2018"
"332","South Sudan",0,"Aid Workers","Kidnapped","2018"
"333","South Sudan",0,"Aid Workers","Kidnapped","2018"
"334","Somalia",0,"Aid Workers","Kidnapped","2018"
"335","Peru",1,"Aid Workers","Kidnapped","2018"
"336","Pakistan",0,"Aid Workers","Kidnapped","2018"
"337","Nigeria",1,"Aid Workers","Kidnapped","2018"
"338","Mexico",1,"Aid Workers","Kidnapped","2018"
"339","Mali",4,"Aid Workers","Kidnapped","2018"
"340","Mali",0,"Aid Workers","Kidnapped","2018"
"341","Kenya",1,"Aid Workers","Kidnapped","2018"
"342","Jordan",0,"Aid Workers","Kidnapped","2018"
"343","Ethiopia",0,"Aid Workers","Kidnapped","2018"
"344","DRC",0,"Aid Workers","Kidnapped","2018"
"345","DRC",0,"Aid Workers","Kidnapped","2018"
"346","CAR",0,"Aid Workers","Kidnapped","2018"
"347","Bangladesh",2,"Aid Workers","Kidnapped","2018"
"348","Bangladesh",0,"Aid Workers","Kidnapped","2018"
"349","Azerbaijan",0,"Aid Workers","Kidnapped","2018"
"350","Yemen",0,"Aid Workers","Kidnapped","2018"
"351","Syrian Arab Republic",0,"Aid Workers","Kidnapped","2018"
"352","Sudan",0,"Aid Workers","Kidnapped","2018"
"353","South Sudan",0,"Aid Workers","Kidnapped","2018"
"354","South Sudan",0,"Aid Workers","Kidnapped","2018"
"355","South Sudan",0,"Aid Workers","Kidnapped","2018"
"356","South Sudan",0,"Aid Workers","Kidnapped","2018"
"357","South Sudan",10,"Aid Workers","Kidnapped","2018"
"358","South Sudan",0,"Aid Workers","Kidnapped","2018"
"359","South Sudan",0,"Aid Workers","Kidnapped","2018"
"360","South Sudan",0,"Aid Workers","Kidnapped","2018"
"361","South Sudan",0,"Aid Workers","Kidnapped","2018"
"362","Somalia",0,"Aid Workers","Kidnapped","2018"
"363","Niger",1,"Aid Workers","Kidnapped","2018"
"364","Myanmar",0,"Aid Workers","Kidnapped","2018"
"365","Brazil",0,"Aid Workers","Kidnapped","2018"
"366","Bangladesh",0,"Aid Workers","Kidnapped","2018"
"367","Syrian Arab Republic",1,"Aid Workers","Kidnapped","2018"
"368","Syrian Arab Republic",0,"Aid Workers","Kidnapped","2018"
"369","Syrian Arab Republic",0,"Aid Workers","Kidnapped","2018"
"370","South Sudan",8,"Aid Workers","Kidnapped","2018"
"371","South Sudan",7,"Aid Workers","Kidnapped","2018"
"372","South Sudan",0,"Aid Workers","Kidnapped","2018"
"373","Somalia",0,"Aid Workers","Kidnapped","2018"
"374","Somalia",1,"Aid Workers","Kidnapped","2018"
"375","Somalia",0,"Aid Workers","Kidnapped","2018"
"376","Lebanon",0,"Aid Workers","Kidnapped","2018"
"377","Guatemala",0,"Aid Workers","Kidnapped","2018"
"378","DRC",3,"Aid Workers","Kidnapped","2018"
"379","DRC",1,"Aid Workers","Kidnapped","2018"
"380","Cambodia",0,"Aid Workers","Kidnapped","2018"
"381","Cambodia",0,"Aid Workers","Kidnapped","2018"
"382","Burkina Faso",1,"Aid Workers","Kidnapped","2018"
"383","Afghanistan",0,"Aid Workers","Kidnapped","2018"
"384","Afghanistan",0,"Aid Workers","Kidnapped","2018"
"385","Yemen",0,"Aid Workers","Kidnapped","2018"
"386","Syrian Arab Republic",0,"Aid Workers","Kidnapped","2018"
"387","Syrian Arab Republic",0,"Aid Workers","Kidnapped","2018"
"388","Syrian Arab Republic",0,"Aid Workers","Kidnapped","2018"
"389","Syrian Arab Republic",0,"Aid Workers","Kidnapped","2018"
"390","Syrian Arab Republic",0,"Aid Workers","Kidnapped","2018"
"391","OPT",0,"Aid Workers","Kidnapped","2018"
"392","Afghanistan",1,"Aid Workers","Kidnapped","2018"
"393","#country",NA,"Aid Workers","Arrested","2018"
"394","South Sudan",1,"Aid Workers","Arrested","2018"
"395","Somalia",1,"Aid Workers","Arrested","2018"
"396","Bangladesh",38,"Aid Workers","Arrested","2018"
"397","Yemen",0,"Aid Workers","Arrested","2018"
"398","Yemen",1,"Aid Workers","Arrested","2018"
"399","Yemen",1,"Aid Workers","Arrested","2018"
"400","Ukraine",1,"Aid Workers","Arrested","2018"
"401","Tanzania",0,"Aid Workers","Arrested","2018"
"402","Syrian Arab Republic",0,"Aid Workers","Arrested","2018"
"403","Syrian Arab Republic",0,"Aid Workers","Arrested","2018"
"404","Syrian Arab Republic",0,"Aid Workers","Arrested","2018"
"405","Syrian Arab Republic",1,"Aid Workers","Arrested","2018"
"406","Syrian Arab Republic",0,"Aid Workers","Arrested","2018"
"407","South Sudan",1,"Aid Workers","Arrested","2018"
"408","South Sudan",1,"Aid Workers","Arrested","2018"
"409","Somalia",0,"Aid Workers","Arrested","2018"
"410","Libya",0,"Aid Workers","Arrested","2018"
"411","Lebanon",1,"Aid Workers","Arrested","2018"
"412","Lebanon",1,"Aid Workers","Arrested","2018"
"413","Colombia",5,"Aid Workers","Arrested","2018"
"414","CAR",0,"Aid Workers","Arrested","2018"
"415","Cambodia",0,"Aid Workers","Arrested","2018"
"416","Afghanistan",0,"Aid Workers","Arrested","2018"
"417","Afghanistan",0,"Aid Workers","Arrested","2018"
"418","Syrian Arab Republic",0,"Aid Workers","Arrested","2018"
"419","Syrian Arab Republic",0,"Aid Workers","Arrested","2018"
"420","Syrian Arab Republic",0,"Aid Workers","Arrested","2018"
"421","Syrian Arab Republic",0,"Aid Workers","Arrested","2018"
"422","Syrian Arab Republic",0,"Aid Workers","Arrested","2018"
"423","Syrian Arab Republic",0,"Aid Workers","Arrested","2018"
"424","Syrian Arab Republic",0,"Aid Workers","Arrested","2018"
"425","Syrian Arab Republic",0,"Aid Workers","Arrested","2018"
"426","Syrian Arab Republic",0,"Aid Workers","Arrested","2018"
"427","South Sudan",0,"Aid Workers","Arrested","2018"
"428","South Sudan",0,"Aid Workers","Arrested","2018"
"429","South Sudan",29,"Aid Workers","Arrested","2018"
"430","Rwanda / Burundi",1,"Aid Workers","Arrested","2018"
"431","Lebanon",1,"Aid Workers","Arrested","2018"
"432","Guatemala",1,"Aid Workers","Arrested","2018"
"433","DRC",0,"Aid Workers","Arrested","2018"
"434","DRC",0,"Aid Workers","Arrested","2018"
"435","DRC",1,"Aid Workers","Arrested","2018"
"436","CAR",0,"Aid Workers","Arrested","2018"
"437","CAR",0,"Aid Workers","Arrested","2018"
"438","Bangladesh",11,"Aid Workers","Arrested","2018"
"439","Afghanistan",1,"Aid Workers","Arrested","2018"
"440","Afghanistan",1,"Aid Workers","Arrested","2018"
"441","Turkey",1,"Aid Workers","Arrested","2018"
"442","Syrian Arab Republic",0,"Aid Workers","Arrested","2018"
"443","Syrian Arab Republic",0,"Aid Workers","Arrested","2018"
"444","Syrian Arab Republic",0,"Aid Workers","Arrested","2018"
"445","Syrian Arab Republic",0,"Aid Workers","Arrested","2018"
"446","Syrian Arab Republic",0,"Aid Workers","Arrested","2018"
"447","Syrian Arab Republic",0,"Aid Workers","Arrested","2018"
"448","Syrian Arab Republic",0,"Aid Workers","Arrested","2018"
"449","Syrian Arab Republic",0,"Aid Workers","Arrested","2018"
"450","Syrian Arab Republic",0,"Aid Workers","Arrested","2018"
"451","Syrian Arab Republic",0,"Aid Workers","Arrested","2018"
"452","Syrian Arab Republic",0,"Aid Workers","Arrested","2018"
"453","Syrian Arab Republic",1,"Aid Workers","Arrested","2018"
"454","Syrian Arab Republic",0,"Aid Workers","Arrested","2018"
"455","Syrian Arab Republic",0,"Aid Workers","Arrested","2018"
"456","Syrian Arab Republic",0,"Aid Workers","Arrested","2018"
"457","South Sudan",0,"Aid Workers","Arrested","2018"
"458","South Sudan",1,"Aid Workers","Arrested","2018"
"459","South Sudan",1,"Aid Workers","Arrested","2018"
"460","Somalia",0,"Aid Workers","Arrested","2018"
"461","Peru",0,"Aid Workers","Arrested","2018"
"462","Pakistan",0,"Aid Workers","Arrested","2018"
"463","Nigeria",0,"Aid Workers","Arrested","2018"
"464","Mexico",0,"Aid Workers","Arrested","2018"
"465","Mali",0,"Aid Workers","Arrested","2018"
"466","Mali",0,"Aid Workers","Arrested","2018"
"467","Kenya",0,"Aid Workers","Arrested","2018"
"468","Jordan",1,"Aid Workers","Arrested","2018"
"469","Ethiopia",1,"Aid Workers","Arrested","2018"
"470","DRC",0,"Aid Workers","Arrested","2018"
"471","DRC",0,"Aid Workers","Arrested","2018"
"472","CAR",0,"Aid Workers","Arrested","2018"
"473","Bangladesh",0,"Aid Workers","Arrested","2018"
"474","Bangladesh",4,"Aid Workers","Arrested","2018"
"475","Azerbaijan",0,"Aid Workers","Arrested","2018"
"476","Yemen",0,"Aid Workers","Arrested","2018"
"477","Syrian Arab Republic",1,"Aid Workers","Arrested","2018"
"478","Sudan",0,"Aid Workers","Arrested","2018"
"479","South Sudan",0,"Aid Workers","Arrested","2018"
"480","South Sudan",0,"Aid Workers","Arrested","2018"
"481","South Sudan",0,"Aid Workers","Arrested","2018"
"482","South Sudan",0,"Aid Workers","Arrested","2018"
"483","South Sudan",0,"Aid Workers","Arrested","2018"
"484","South Sudan",0,"Aid Workers","Arrested","2018"
"485","South Sudan",0,"Aid Workers","Arrested","2018"
"486","South Sudan",0,"Aid Workers","Arrested","2018"
"487","South Sudan",2,"Aid Workers","Arrested","2018"
"488","Somalia",0,"Aid Workers","Arrested","2018"
"489","Niger",0,"Aid Workers","Arrested","2018"
"490","Myanmar",0,"Aid Workers","Arrested","2018"
"491","Brazil",0,"Aid Workers","Arrested","2018"
"492","Bangladesh",1,"Aid Workers","Arrested","2018"
"493","Syrian Arab Republic",0,"Aid Workers","Arrested","2018"
"494","Syrian Arab Republic",0,"Aid Workers","Arrested","2018"
"495","Syrian Arab Republic",0,"Aid Workers","Arrested","2018"
"496","South Sudan",0,"Aid Workers","Arrested","2018"
"497","South Sudan",0,"Aid Workers","Arrested","2018"
"498","South Sudan",0,"Aid Workers","Arrested","2018"
"499","Somalia",0,"Aid Workers","Arrested","2018"
"500","Somalia",0,"Aid Workers","Arrested","2018"
"501","Somalia",0,"Aid Workers","Arrested","2018"
"502","Lebanon",1,"Aid Workers","Arrested","2018"
"503","Guatemala",0,"Aid Workers","Arrested","2018"
"504","DRC",0,"Aid Workers","Arrested","2018"
"505","DRC",0,"Aid Workers","Arrested","2018"
"506","Cambodia",14,"Aid Workers","Arrested","2018"
"507","Cambodia",1,"Aid Workers","Arrested","2018"
"508","Burkina Faso",0,"Aid Workers","Arrested","2018"
"509","Afghanistan",0,"Aid Workers","Arrested","2018"
"510","Afghanistan",0,"Aid Workers","Arrested","2018"
"511","Yemen",0,"Aid Workers","Arrested","2018"
"512","Syrian Arab Republic",0,"Aid Workers","Arrested","2018"
"513","Syrian Arab Republic",0,"Aid Workers","Arrested","2018"
"514","Syrian Arab Republic",0,"Aid Workers","Arrested","2018"
"515","Syrian Arab Republic",0,"Aid Workers","Arrested","2018"
"516","Syrian Arab Republic",0,"Aid Workers","Arrested","2018"
"517","OPT",0,"Aid Workers","Arrested","2018"
"518","Afghanistan",0,"Aid Workers","Arrested","2018"
